,name,class,path,height,width
0,3133502,10,dataset/10/3133502.jpg,512,512
1,3133510,10,dataset/10/3133510.jpg,512,512
2,3133512,10,dataset/10/3133512.jpg,512,512
3,3133525,10,dataset/10/3133525.jpg,512,512
4,3133514,10,dataset/10/3133514.jpg,512,512
5,3133504,10,dataset/10/3133504.jpg,512,512
6,3133506,10,dataset/10/3133506.jpg,512,512
7,3133515,10,dataset/10/3133515.jpg,512,512
8,3133508,10,dataset/10/3133508.jpg,512,512
9,3133519,10,dataset/10/3133519.jpg,512,512
10,3133524,10,dataset/10/3133524.jpg,512,512
11,3133523,10,dataset/10/3133523.jpg,512,512
12,3133517,10,dataset/10/3133517.jpg,512,512
13,3133522,10,dataset/10/3133522.jpg,512,512
14,3133520,10,dataset/10/3133520.jpg,512,512
15,3133518,10,dataset/10/3133518.jpg,512,512
16,3133505,10,dataset/10/3133505.jpg,512,512
17,3133507,10,dataset/10/3133507.jpg,512,512
18,3133513,10,dataset/10/3133513.jpg,512,512
19,3133516,10,dataset/10/3133516.jpg,512,512
20,3133511,10,dataset/10/3133511.jpg,512,512
21,3133521,10,dataset/10/3133521.jpg,512,512
22,3133509,10,dataset/10/3133509.jpg,512,512
23,3133503,10,dataset/10/3133503.jpg,512,512
24,3133751,17,dataset/17/3133751.jpg,512,512
25,3133746,17,dataset/17/3133746.jpg,512,512
26,3133749,17,dataset/17/3133749.jpg,512,512
27,3133764,17,dataset/17/3133764.jpg,512,512
28,3133766,17,dataset/17/3133766.jpg,512,512
29,3133767,17,dataset/17/3133767.jpg,512,512
30,3133743,17,dataset/17/3133743.jpg,512,512
31,3133744,17,dataset/17/3133744.jpg,512,512
32,3133760,17,dataset/17/3133760.jpg,512,512
33,3133748,17,dataset/17/3133748.jpg,512,512
34,3133754,17,dataset/17/3133754.jpg,512,512
35,3133750,17,dataset/17/3133750.jpg,512,512
36,3133762,17,dataset/17/3133762.jpg,512,512
37,3133757,17,dataset/17/3133757.jpg,512,512
38,3133759,17,dataset/17/3133759.jpg,512,512
39,3133739,17,dataset/17/3133739.jpg,512,512
40,3133742,17,dataset/17/3133742.jpg,512,512
41,3133747,17,dataset/17/3133747.jpg,512,512
42,3133752,17,dataset/17/3133752.jpg,512,512
43,3133745,17,dataset/17/3133745.jpg,512,512
44,3133763,17,dataset/17/3133763.jpg,512,512
45,3133740,17,dataset/17/3133740.jpg,512,512
46,3133761,17,dataset/17/3133761.jpg,512,512
47,3133741,17,dataset/17/3133741.jpg,512,512
48,3133738,17,dataset/17/3133738.jpg,512,512
49,3133756,17,dataset/17/3133756.jpg,512,512
50,3133755,17,dataset/17/3133755.jpg,512,512
51,3133753,17,dataset/17/3133753.jpg,512,512
52,3133758,17,dataset/17/3133758.jpg,512,512
53,3133765,17,dataset/17/3133765.jpg,512,512
54,3133499,9,dataset/9/3133499.jpg,512,512
55,3133453,9,dataset/9/3133453.jpg,512,512
56,3133487,9,dataset/9/3133487.jpg,512,512
57,3133465,9,dataset/9/3133465.jpg,512,512
58,3133495,9,dataset/9/3133495.jpg,512,512
59,3133488,9,dataset/9/3133488.jpg,512,512
60,3133474,9,dataset/9/3133474.jpg,512,512
61,3133500,9,dataset/9/3133500.jpg,512,512
62,3133484,9,dataset/9/3133484.jpg,512,512
63,3133485,9,dataset/9/3133485.jpg,512,512
64,3133466,9,dataset/9/3133466.jpg,512,512
65,3133478,9,dataset/9/3133478.jpg,512,512
66,3133457,9,dataset/9/3133457.jpg,512,512
67,3133501,9,dataset/9/3133501.jpg,512,512
68,3133493,9,dataset/9/3133493.jpg,512,512
69,3133469,9,dataset/9/3133469.jpg,512,512
70,3133483,9,dataset/9/3133483.jpg,512,512
71,3133454,9,dataset/9/3133454.jpg,512,512
72,3133476,9,dataset/9/3133476.jpg,512,512
73,3133460,9,dataset/9/3133460.jpg,512,512
74,3133486,9,dataset/9/3133486.jpg,512,512
75,3133471,9,dataset/9/3133471.jpg,512,512
76,3133456,9,dataset/9/3133456.jpg,512,512
77,3133472,9,dataset/9/3133472.jpg,512,512
78,3133458,9,dataset/9/3133458.jpg,512,512
79,3133480,9,dataset/9/3133480.jpg,512,512
80,3133467,9,dataset/9/3133467.jpg,512,512
81,3133496,9,dataset/9/3133496.jpg,512,512
82,3133452,9,dataset/9/3133452.jpg,512,512
83,3133481,9,dataset/9/3133481.jpg,512,512
84,3133473,9,dataset/9/3133473.jpg,512,512
85,3133491,9,dataset/9/3133491.jpg,512,512
86,3133492,9,dataset/9/3133492.jpg,512,512
87,3133490,9,dataset/9/3133490.jpg,512,512
88,3133498,9,dataset/9/3133498.jpg,512,512
89,3133475,9,dataset/9/3133475.jpg,512,512
90,3133489,9,dataset/9/3133489.jpg,512,512
91,3133464,9,dataset/9/3133464.jpg,512,512
92,3133479,9,dataset/9/3133479.jpg,512,512
93,3133463,9,dataset/9/3133463.jpg,512,512
94,3133470,9,dataset/9/3133470.jpg,512,512
95,3133461,9,dataset/9/3133461.jpg,512,512
96,3133455,9,dataset/9/3133455.jpg,512,512
97,3133497,9,dataset/9/3133497.jpg,512,512
98,3133482,9,dataset/9/3133482.jpg,512,512
99,3133477,9,dataset/9/3133477.jpg,512,512
100,3133459,9,dataset/9/3133459.jpg,512,512
101,3133462,9,dataset/9/3133462.jpg,512,512
102,3133468,9,dataset/9/3133468.jpg,512,512
103,3133494,9,dataset/9/3133494.jpg,512,512
104,3133244,3,dataset/3/3133244.jpg,512,512
105,3133258,3,dataset/3/3133258.jpg,512,512
106,3133252,3,dataset/3/3133252.jpg,512,512
107,3133255,3,dataset/3/3133255.jpg,512,512
108,3133261,3,dataset/3/3133261.jpg,512,512
109,3133254,3,dataset/3/3133254.jpg,512,512
110,3133256,3,dataset/3/3133256.jpg,512,512
111,3133236,3,dataset/3/3133236.jpg,512,512
112,3133248,3,dataset/3/3133248.jpg,512,512
113,3133241,3,dataset/3/3133241.jpg,512,512
114,3133238,3,dataset/3/3133238.jpg,512,512
115,3133240,3,dataset/3/3133240.jpg,512,512
116,3133245,3,dataset/3/3133245.jpg,512,512
117,3133242,3,dataset/3/3133242.jpg,512,512
118,3133259,3,dataset/3/3133259.jpg,512,512
119,3133260,3,dataset/3/3133260.jpg,512,512
120,3133243,3,dataset/3/3133243.jpg,512,512
121,3133257,3,dataset/3/3133257.jpg,512,512
122,3133237,3,dataset/3/3133237.jpg,512,512
123,3133264,3,dataset/3/3133264.jpg,512,512
124,3133239,3,dataset/3/3133239.jpg,512,512
125,3133250,3,dataset/3/3133250.jpg,512,512
126,3133263,3,dataset/3/3133263.jpg,512,512
127,3133253,3,dataset/3/3133253.jpg,512,512
128,3133247,3,dataset/3/3133247.jpg,512,512
129,3133246,3,dataset/3/3133246.jpg,512,512
130,3133249,3,dataset/3/3133249.jpg,512,512
131,3133262,3,dataset/3/3133262.jpg,512,512
132,3133251,3,dataset/3/3133251.jpg,512,512
133,3133235,3,dataset/3/3133235.jpg,512,512
134,3133655,15,dataset/15/3133655.jpg,512,512
135,3133681,15,dataset/15/3133681.jpg,512,512
136,3133678,15,dataset/15/3133678.jpg,512,512
137,3133661,15,dataset/15/3133661.jpg,512,512
138,3133700,15,dataset/15/3133700.jpg,512,512
139,3133694,15,dataset/15/3133694.jpg,512,512
140,3133689,15,dataset/15/3133689.jpg,512,512
141,3133668,15,dataset/15/3133668.jpg,512,512
142,3133663,15,dataset/15/3133663.jpg,512,512
143,3133677,15,dataset/15/3133677.jpg,512,512
144,3133675,15,dataset/15/3133675.jpg,512,512
145,3133683,15,dataset/15/3133683.jpg,512,512
146,3133676,15,dataset/15/3133676.jpg,512,512
147,3133664,15,dataset/15/3133664.jpg,512,512
148,3133690,15,dataset/15/3133690.jpg,512,512
149,3133695,15,dataset/15/3133695.jpg,512,512
150,3133699,15,dataset/15/3133699.jpg,512,512
151,3133680,15,dataset/15/3133680.jpg,512,512
152,3133702,15,dataset/15/3133702.jpg,512,512
153,3133653,15,dataset/15/3133653.jpg,512,512
154,3133658,15,dataset/15/3133658.jpg,512,512
155,3133660,15,dataset/15/3133660.jpg,512,512
156,3133673,15,dataset/15/3133673.jpg,512,512
157,3133691,15,dataset/15/3133691.jpg,512,512
158,3133697,15,dataset/15/3133697.jpg,512,512
159,3133698,15,dataset/15/3133698.jpg,512,512
160,3133654,15,dataset/15/3133654.jpg,512,512
161,3133670,15,dataset/15/3133670.jpg,512,512
162,3133657,15,dataset/15/3133657.jpg,512,512
163,3133662,15,dataset/15/3133662.jpg,512,512
164,3133672,15,dataset/15/3133672.jpg,512,512
165,3133679,15,dataset/15/3133679.jpg,512,512
166,3133671,15,dataset/15/3133671.jpg,512,512
167,3133684,15,dataset/15/3133684.jpg,512,512
168,3133692,15,dataset/15/3133692.jpg,512,512
169,3133667,15,dataset/15/3133667.jpg,512,512
170,3133686,15,dataset/15/3133686.jpg,512,512
171,3133693,15,dataset/15/3133693.jpg,512,512
172,3133688,15,dataset/15/3133688.jpg,512,512
173,3133682,15,dataset/15/3133682.jpg,512,512
174,3133687,15,dataset/15/3133687.jpg,512,512
175,3133665,15,dataset/15/3133665.jpg,512,512
176,3133674,15,dataset/15/3133674.jpg,512,512
177,3133696,15,dataset/15/3133696.jpg,512,512
178,3133656,15,dataset/15/3133656.jpg,512,512
179,3133685,15,dataset/15/3133685.jpg,512,512
180,3133669,15,dataset/15/3133669.jpg,512,512
181,3133666,15,dataset/15/3133666.jpg,512,512
182,3133659,15,dataset/15/3133659.jpg,512,512
183,3133701,15,dataset/15/3133701.jpg,512,512
184,3133778,18,dataset/18/3133778.jpg,512,512
185,3133775,18,dataset/18/3133775.jpg,512,512
186,3133771,18,dataset/18/3133771.jpg,512,512
187,3133789,18,dataset/18/3133789.jpg,512,512
188,3133794,18,dataset/18/3133794.jpg,512,512
189,3133777,18,dataset/18/3133777.jpg,512,512
190,3133780,18,dataset/18/3133780.jpg,512,512
191,3133787,18,dataset/18/3133787.jpg,512,512
192,3133773,18,dataset/18/3133773.jpg,512,512
193,3133792,18,dataset/18/3133792.jpg,512,512
194,3133776,18,dataset/18/3133776.jpg,512,512
195,3133770,18,dataset/18/3133770.jpg,512,512
196,3133779,18,dataset/18/3133779.jpg,512,512
197,3133783,18,dataset/18/3133783.jpg,512,512
198,3133786,18,dataset/18/3133786.jpg,512,512
199,3133772,18,dataset/18/3133772.jpg,512,512
200,3133781,18,dataset/18/3133781.jpg,512,512
201,3133768,18,dataset/18/3133768.jpg,512,512
202,3133769,18,dataset/18/3133769.jpg,512,512
203,3133793,18,dataset/18/3133793.jpg,512,512
204,3133782,18,dataset/18/3133782.jpg,512,512
205,3133791,18,dataset/18/3133791.jpg,512,512
206,3133790,18,dataset/18/3133790.jpg,512,512
207,3133788,18,dataset/18/3133788.jpg,512,512
208,3133784,18,dataset/18/3133784.jpg,512,512
209,3133785,18,dataset/18/3133785.jpg,512,512
210,3133774,18,dataset/18/3133774.jpg,512,512
211,3133795,18,dataset/18/3133795.jpg,512,512
212,3133557,12,dataset/12/3133557.jpg,512,512
213,3133576,12,dataset/12/3133576.jpg,512,512
214,3133554,12,dataset/12/3133554.jpg,512,512
215,3133564,12,dataset/12/3133564.jpg,512,512
216,3133574,12,dataset/12/3133574.jpg,512,512
217,3133568,12,dataset/12/3133568.jpg,512,512
218,3133571,12,dataset/12/3133571.jpg,512,512
219,3133559,12,dataset/12/3133559.jpg,512,512
220,3133575,12,dataset/12/3133575.jpg,512,512
221,3133560,12,dataset/12/3133560.jpg,512,512
222,3133556,12,dataset/12/3133556.jpg,512,512
223,3133570,12,dataset/12/3133570.jpg,512,512
224,3133565,12,dataset/12/3133565.jpg,512,512
225,3133569,12,dataset/12/3133569.jpg,512,512
226,3133558,12,dataset/12/3133558.jpg,512,512
227,3133561,12,dataset/12/3133561.jpg,512,512
228,3133567,12,dataset/12/3133567.jpg,512,512
229,3133563,12,dataset/12/3133563.jpg,512,512
230,3133572,12,dataset/12/3133572.jpg,512,512
231,3133577,12,dataset/12/3133577.jpg,512,512
232,3133573,12,dataset/12/3133573.jpg,512,512
233,3133566,12,dataset/12/3133566.jpg,512,512
234,3133555,12,dataset/12/3133555.jpg,512,512
235,3133562,12,dataset/12/3133562.jpg,512,512
236,3133181,1,dataset/1/3133181.jpg,512,512
237,3133180,1,dataset/1/3133180.jpg,512,512
238,3133200,1,dataset/1/3133200.jpg,512,512
239,3133194,1,dataset/1/3133194.jpg,512,512
240,3133177,1,dataset/1/3133177.jpg,512,512
241,3133178,1,dataset/1/3133178.jpg,512,512
242,3133202,1,dataset/1/3133202.jpg,512,512
243,3133184,1,dataset/1/3133184.jpg,512,512
244,3133189,1,dataset/1/3133189.jpg,512,512
245,3133186,1,dataset/1/3133186.jpg,512,512
246,3133210,1,dataset/1/3133210.jpg,512,512
247,3133179,1,dataset/1/3133179.jpg,512,512
248,3133192,1,dataset/1/3133192.jpg,512,512
249,3133191,1,dataset/1/3133191.jpg,512,512
250,3133176,1,dataset/1/3133176.jpg,512,512
251,3133208,1,dataset/1/3133208.jpg,512,512
252,3133211,1,dataset/1/3133211.jpg,512,512
253,3133206,1,dataset/1/3133206.jpg,512,512
254,3133188,1,dataset/1/3133188.jpg,512,512
255,3133190,1,dataset/1/3133190.jpg,512,512
256,3133205,1,dataset/1/3133205.jpg,512,512
257,3133195,1,dataset/1/3133195.jpg,512,512
258,3133187,1,dataset/1/3133187.jpg,512,512
259,3133196,1,dataset/1/3133196.jpg,512,512
260,3133209,1,dataset/1/3133209.jpg,512,512
261,3133198,1,dataset/1/3133198.jpg,512,512
262,3133203,1,dataset/1/3133203.jpg,512,512
263,3133193,1,dataset/1/3133193.jpg,512,512
264,3133204,1,dataset/1/3133204.jpg,512,512
265,3133183,1,dataset/1/3133183.jpg,512,512
266,3133197,1,dataset/1/3133197.jpg,512,512
267,3133207,1,dataset/1/3133207.jpg,512,512
268,3133199,1,dataset/1/3133199.jpg,512,512
269,3133201,1,dataset/1/3133201.jpg,512,512
270,3133182,1,dataset/1/3133182.jpg,512,512
271,3133185,1,dataset/1/3133185.jpg,512,512
272,3133538,11,dataset/11/3133538.jpg,512,512
273,3133547,11,dataset/11/3133547.jpg,512,512
274,3133549,11,dataset/11/3133549.jpg,512,512
275,3133534,11,dataset/11/3133534.jpg,512,512
276,3133539,11,dataset/11/3133539.jpg,512,512
277,3133532,11,dataset/11/3133532.jpg,512,512
278,3133533,11,dataset/11/3133533.jpg,512,512
279,3133546,11,dataset/11/3133546.jpg,512,512
280,3133545,11,dataset/11/3133545.jpg,512,512
281,3133553,11,dataset/11/3133553.jpg,512,512
282,3133550,11,dataset/11/3133550.jpg,512,512
283,3133526,11,dataset/11/3133526.jpg,512,512
284,3133531,11,dataset/11/3133531.jpg,512,512
285,3133542,11,dataset/11/3133542.jpg,512,512
286,3133536,11,dataset/11/3133536.jpg,512,512
287,3133551,11,dataset/11/3133551.jpg,512,512
288,3133529,11,dataset/11/3133529.jpg,512,512
289,3133527,11,dataset/11/3133527.jpg,512,512
290,3133535,11,dataset/11/3133535.jpg,512,512
291,3133548,11,dataset/11/3133548.jpg,512,512
292,3133537,11,dataset/11/3133537.jpg,512,512
293,3133543,11,dataset/11/3133543.jpg,512,512
294,3133541,11,dataset/11/3133541.jpg,512,512
295,3133528,11,dataset/11/3133528.jpg,512,512
296,3133530,11,dataset/11/3133530.jpg,512,512
297,3133552,11,dataset/11/3133552.jpg,512,512
298,3133544,11,dataset/11/3133544.jpg,512,512
299,3133540,11,dataset/11/3133540.jpg,512,512
300,3133280,4,dataset/4/3133280.jpg,512,512
301,3133288,4,dataset/4/3133288.jpg,512,512
302,3133289,4,dataset/4/3133289.jpg,512,512
303,3133269,4,dataset/4/3133269.jpg,512,512
304,3133286,4,dataset/4/3133286.jpg,512,512
305,3133273,4,dataset/4/3133273.jpg,512,512
306,3133283,4,dataset/4/3133283.jpg,512,512
307,3133270,4,dataset/4/3133270.jpg,512,512
308,3133284,4,dataset/4/3133284.jpg,512,512
309,3133293,4,dataset/4/3133293.jpg,512,512
310,3133292,4,dataset/4/3133292.jpg,512,512
311,3133274,4,dataset/4/3133274.jpg,512,512
312,3133290,4,dataset/4/3133290.jpg,512,512
313,3133265,4,dataset/4/3133265.jpg,512,512
314,3133276,4,dataset/4/3133276.jpg,512,512
315,3133275,4,dataset/4/3133275.jpg,512,512
316,3133281,4,dataset/4/3133281.jpg,512,512
317,3133279,4,dataset/4/3133279.jpg,512,512
318,3133268,4,dataset/4/3133268.jpg,512,512
319,3133294,4,dataset/4/3133294.jpg,512,512
320,3133287,4,dataset/4/3133287.jpg,512,512
321,3133271,4,dataset/4/3133271.jpg,512,512
322,3133282,4,dataset/4/3133282.jpg,512,512
323,3133277,4,dataset/4/3133277.jpg,512,512
324,3133266,4,dataset/4/3133266.jpg,512,512
325,3133272,4,dataset/4/3133272.jpg,512,512
326,3133291,4,dataset/4/3133291.jpg,512,512
327,3133285,4,dataset/4/3133285.jpg,512,512
328,3133267,4,dataset/4/3133267.jpg,512,512
329,3133278,4,dataset/4/3133278.jpg,512,512
330,3133834,19,dataset/19/3133834.jpg,512,512
331,3133833,19,dataset/19/3133833.jpg,512,512
332,3133823,19,dataset/19/3133823.jpg,512,512
333,3133821,19,dataset/19/3133821.jpg,512,512
334,3133847,19,dataset/19/3133847.jpg,512,512
335,3133828,19,dataset/19/3133828.jpg,512,512
336,3133806,19,dataset/19/3133806.jpg,512,512
337,3133849,19,dataset/19/3133849.jpg,512,512
338,3133841,19,dataset/19/3133841.jpg,512,512
339,3133807,19,dataset/19/3133807.jpg,512,512
340,3133836,19,dataset/19/3133836.jpg,512,512
341,3133801,19,dataset/19/3133801.jpg,512,512
342,3133815,19,dataset/19/3133815.jpg,512,512
343,3133844,19,dataset/19/3133844.jpg,512,512
344,3133805,19,dataset/19/3133805.jpg,512,512
345,3133814,19,dataset/19/3133814.jpg,512,512
346,3133809,19,dataset/19/3133809.jpg,512,512
347,3133824,19,dataset/19/3133824.jpg,512,512
348,3133822,19,dataset/19/3133822.jpg,512,512
349,3133817,19,dataset/19/3133817.jpg,512,512
350,3133835,19,dataset/19/3133835.jpg,512,512
351,3133840,19,dataset/19/3133840.jpg,512,512
352,3133810,19,dataset/19/3133810.jpg,512,512
353,3133800,19,dataset/19/3133800.jpg,512,512
354,3133830,19,dataset/19/3133830.jpg,512,512
355,3133832,19,dataset/19/3133832.jpg,512,512
356,3133848,19,dataset/19/3133848.jpg,512,512
357,3133826,19,dataset/19/3133826.jpg,512,512
358,3133829,19,dataset/19/3133829.jpg,512,512
359,3133842,19,dataset/19/3133842.jpg,512,512
360,3133811,19,dataset/19/3133811.jpg,512,512
361,3133812,19,dataset/19/3133812.jpg,512,512
362,3133838,19,dataset/19/3133838.jpg,512,512
363,3133808,19,dataset/19/3133808.jpg,512,512
364,3133827,19,dataset/19/3133827.jpg,512,512
365,3133846,19,dataset/19/3133846.jpg,512,512
366,3133818,19,dataset/19/3133818.jpg,512,512
367,3133819,19,dataset/19/3133819.jpg,512,512
368,3133798,19,dataset/19/3133798.jpg,512,512
369,3133802,19,dataset/19/3133802.jpg,512,512
370,3133825,19,dataset/19/3133825.jpg,512,512
371,3133796,19,dataset/19/3133796.jpg,512,512
372,3133845,19,dataset/19/3133845.jpg,512,512
373,3133813,19,dataset/19/3133813.jpg,512,512
374,3133831,19,dataset/19/3133831.jpg,512,512
375,3133799,19,dataset/19/3133799.jpg,512,512
376,3133850,19,dataset/19/3133850.jpg,512,512
377,3133843,19,dataset/19/3133843.jpg,512,512
378,3133816,19,dataset/19/3133816.jpg,512,512
379,3133797,19,dataset/19/3133797.jpg,512,512
380,3133804,19,dataset/19/3133804.jpg,512,512
381,3133839,19,dataset/19/3133839.jpg,512,512
382,3133837,19,dataset/19/3133837.jpg,512,512
383,3133820,19,dataset/19/3133820.jpg,512,512
384,3133803,19,dataset/19/3133803.jpg,512,512
385,3133402,7,dataset/7/3133402.jpg,512,512
386,3133390,7,dataset/7/3133390.jpg,512,512
387,3133404,7,dataset/7/3133404.jpg,512,512
388,3133392,7,dataset/7/3133392.jpg,512,512
389,3133400,7,dataset/7/3133400.jpg,512,512
390,3133405,7,dataset/7/3133405.jpg,512,512
391,3133397,7,dataset/7/3133397.jpg,512,512
392,3133399,7,dataset/7/3133399.jpg,512,512
393,3133406,7,dataset/7/3133406.jpg,512,512
394,3133396,7,dataset/7/3133396.jpg,512,512
395,3133387,7,dataset/7/3133387.jpg,512,512
396,3133394,7,dataset/7/3133394.jpg,512,512
397,3133388,7,dataset/7/3133388.jpg,512,512
398,3133389,7,dataset/7/3133389.jpg,512,512
399,3133393,7,dataset/7/3133393.jpg,512,512
400,3133391,7,dataset/7/3133391.jpg,512,512
401,3133398,7,dataset/7/3133398.jpg,512,512
402,3133403,7,dataset/7/3133403.jpg,512,512
403,3133395,7,dataset/7/3133395.jpg,512,512
404,3133401,7,dataset/7/3133401.jpg,512,512
405,3133232,2,dataset/2/3133232.jpg,512,512
406,3133219,2,dataset/2/3133219.jpg,512,512
407,3133212,2,dataset/2/3133212.jpg,512,512
408,3133229,2,dataset/2/3133229.jpg,512,512
409,3133225,2,dataset/2/3133225.jpg,512,512
410,3133214,2,dataset/2/3133214.jpg,512,512
411,3133216,2,dataset/2/3133216.jpg,512,512
412,3133231,2,dataset/2/3133231.jpg,512,512
413,3133227,2,dataset/2/3133227.jpg,512,512
414,3133221,2,dataset/2/3133221.jpg,512,512
415,3133218,2,dataset/2/3133218.jpg,512,512
416,3133226,2,dataset/2/3133226.jpg,512,512
417,3133217,2,dataset/2/3133217.jpg,512,512
418,3133220,2,dataset/2/3133220.jpg,512,512
419,3133228,2,dataset/2/3133228.jpg,512,512
420,3133224,2,dataset/2/3133224.jpg,512,512
421,3133213,2,dataset/2/3133213.jpg,512,512
422,3133222,2,dataset/2/3133222.jpg,512,512
423,3133215,2,dataset/2/3133215.jpg,512,512
424,3133223,2,dataset/2/3133223.jpg,512,512
425,3133234,2,dataset/2/3133234.jpg,512,512
426,3133233,2,dataset/2/3133233.jpg,512,512
427,3133230,2,dataset/2/3133230.jpg,512,512
428,3133648,14,dataset/14/3133648.jpg,512,512
429,3133623,14,dataset/14/3133623.jpg,512,512
430,3133627,14,dataset/14/3133627.jpg,512,512
431,3133643,14,dataset/14/3133643.jpg,512,512
432,3133635,14,dataset/14/3133635.jpg,512,512
433,3133624,14,dataset/14/3133624.jpg,512,512
434,3133650,14,dataset/14/3133650.jpg,512,512
435,3133631,14,dataset/14/3133631.jpg,512,512
436,3133614,14,dataset/14/3133614.jpg,512,512
437,3133625,14,dataset/14/3133625.jpg,512,512
438,3133620,14,dataset/14/3133620.jpg,512,512
439,3133638,14,dataset/14/3133638.jpg,512,512
440,3133613,14,dataset/14/3133613.jpg,512,512
441,3133615,14,dataset/14/3133615.jpg,512,512
442,3133636,14,dataset/14/3133636.jpg,512,512
443,3133621,14,dataset/14/3133621.jpg,512,512
444,3133632,14,dataset/14/3133632.jpg,512,512
445,3133637,14,dataset/14/3133637.jpg,512,512
446,3133617,14,dataset/14/3133617.jpg,512,512
447,3133644,14,dataset/14/3133644.jpg,512,512
448,3133633,14,dataset/14/3133633.jpg,512,512
449,3133618,14,dataset/14/3133618.jpg,512,512
450,3133642,14,dataset/14/3133642.jpg,512,512
451,3133649,14,dataset/14/3133649.jpg,512,512
452,3133651,14,dataset/14/3133651.jpg,512,512
453,3133640,14,dataset/14/3133640.jpg,512,512
454,3133645,14,dataset/14/3133645.jpg,512,512
455,3133616,14,dataset/14/3133616.jpg,512,512
456,3133652,14,dataset/14/3133652.jpg,512,512
457,3133622,14,dataset/14/3133622.jpg,512,512
458,3133629,14,dataset/14/3133629.jpg,512,512
459,3133646,14,dataset/14/3133646.jpg,512,512
460,3133639,14,dataset/14/3133639.jpg,512,512
461,3133634,14,dataset/14/3133634.jpg,512,512
462,3133619,14,dataset/14/3133619.jpg,512,512
463,3133641,14,dataset/14/3133641.jpg,512,512
464,3133626,14,dataset/14/3133626.jpg,512,512
465,3133630,14,dataset/14/3133630.jpg,512,512
466,3133628,14,dataset/14/3133628.jpg,512,512
467,3133647,14,dataset/14/3133647.jpg,512,512
468,3133377,6,dataset/6/3133377.jpg,512,512
469,3133376,6,dataset/6/3133376.jpg,512,512
470,3133385,6,dataset/6/3133385.jpg,512,512
471,3133348,6,dataset/6/3133348.jpg,512,512
472,3133362,6,dataset/6/3133362.jpg,512,512
473,3133349,6,dataset/6/3133349.jpg,512,512
474,3133350,6,dataset/6/3133350.jpg,512,512
475,3133368,6,dataset/6/3133368.jpg,512,512
476,3133354,6,dataset/6/3133354.jpg,512,512
477,3133363,6,dataset/6/3133363.jpg,512,512
478,3133352,6,dataset/6/3133352.jpg,512,512
479,3133356,6,dataset/6/3133356.jpg,512,512
480,3133386,6,dataset/6/3133386.jpg,512,512
481,3133353,6,dataset/6/3133353.jpg,512,512
482,3133346,6,dataset/6/3133346.jpg,512,512
483,3133357,6,dataset/6/3133357.jpg,512,512
484,3133366,6,dataset/6/3133366.jpg,512,512
485,3133364,6,dataset/6/3133364.jpg,512,512
486,3133379,6,dataset/6/3133379.jpg,512,512
487,3133372,6,dataset/6/3133372.jpg,512,512
488,3133360,6,dataset/6/3133360.jpg,512,512
489,3133347,6,dataset/6/3133347.jpg,512,512
490,3133380,6,dataset/6/3133380.jpg,512,512
491,3133378,6,dataset/6/3133378.jpg,512,512
492,3133345,6,dataset/6/3133345.jpg,512,512
493,3133384,6,dataset/6/3133384.jpg,512,512
494,3133358,6,dataset/6/3133358.jpg,512,512
495,3133381,6,dataset/6/3133381.jpg,512,512
496,3133365,6,dataset/6/3133365.jpg,512,512
497,3133351,6,dataset/6/3133351.jpg,512,512
498,3133355,6,dataset/6/3133355.jpg,512,512
499,3133359,6,dataset/6/3133359.jpg,512,512
500,3133383,6,dataset/6/3133383.jpg,512,512
501,3133370,6,dataset/6/3133370.jpg,512,512
502,3133375,6,dataset/6/3133375.jpg,512,512
503,3133374,6,dataset/6/3133374.jpg,512,512
504,3133382,6,dataset/6/3133382.jpg,512,512
505,3133373,6,dataset/6/3133373.jpg,512,512
506,3133369,6,dataset/6/3133369.jpg,512,512
507,3133371,6,dataset/6/3133371.jpg,512,512
508,3133367,6,dataset/6/3133367.jpg,512,512
509,3133361,6,dataset/6/3133361.jpg,512,512
510,3133606,13,dataset/13/3133606.jpg,512,512
511,3133594,13,dataset/13/3133594.jpg,512,512
512,3133609,13,dataset/13/3133609.jpg,512,512
513,3133596,13,dataset/13/3133596.jpg,512,512
514,3133588,13,dataset/13/3133588.jpg,512,512
515,3133586,13,dataset/13/3133586.jpg,512,512
516,3133590,13,dataset/13/3133590.jpg,512,512
517,3133611,13,dataset/13/3133611.jpg,512,512
518,3133607,13,dataset/13/3133607.jpg,512,512
519,3133582,13,dataset/13/3133582.jpg,512,512
520,3133612,13,dataset/13/3133612.jpg,512,512
521,3133585,13,dataset/13/3133585.jpg,512,512
522,3133578,13,dataset/13/3133578.jpg,512,512
523,3133593,13,dataset/13/3133593.jpg,512,512
524,3133597,13,dataset/13/3133597.jpg,512,512
525,3133589,13,dataset/13/3133589.jpg,512,512
526,3133602,13,dataset/13/3133602.jpg,512,512
527,3133604,13,dataset/13/3133604.jpg,512,512
528,3133580,13,dataset/13/3133580.jpg,512,512
529,3133595,13,dataset/13/3133595.jpg,512,512
530,3133603,13,dataset/13/3133603.jpg,512,512
531,3133591,13,dataset/13/3133591.jpg,512,512
532,3133598,13,dataset/13/3133598.jpg,512,512
533,3133610,13,dataset/13/3133610.jpg,512,512
534,3133584,13,dataset/13/3133584.jpg,512,512
535,3133581,13,dataset/13/3133581.jpg,512,512
536,3133605,13,dataset/13/3133605.jpg,512,512
537,3133583,13,dataset/13/3133583.jpg,512,512
538,3133599,13,dataset/13/3133599.jpg,512,512
539,3133600,13,dataset/13/3133600.jpg,512,512
540,3133587,13,dataset/13/3133587.jpg,512,512
541,3133608,13,dataset/13/3133608.jpg,512,512
542,3133579,13,dataset/13/3133579.jpg,512,512
543,3133592,13,dataset/13/3133592.jpg,512,512
544,3133601,13,dataset/13/3133601.jpg,512,512
545,3133410,8,dataset/8/3133410.jpg,512,512
546,3133433,8,dataset/8/3133433.jpg,512,512
547,3133441,8,dataset/8/3133441.jpg,512,512
548,3133416,8,dataset/8/3133416.jpg,512,512
549,3133419,8,dataset/8/3133419.jpg,512,512
550,3133438,8,dataset/8/3133438.jpg,512,512
551,3133423,8,dataset/8/3133423.jpg,512,512
552,3133407,8,dataset/8/3133407.jpg,512,512
553,3133446,8,dataset/8/3133446.jpg,512,512
554,3133417,8,dataset/8/3133417.jpg,512,512
555,3133425,8,dataset/8/3133425.jpg,512,512
556,3133430,8,dataset/8/3133430.jpg,512,512
557,3133449,8,dataset/8/3133449.jpg,512,512
558,3133444,8,dataset/8/3133444.jpg,512,512
559,3133422,8,dataset/8/3133422.jpg,512,512
560,3133442,8,dataset/8/3133442.jpg,512,512
561,3133432,8,dataset/8/3133432.jpg,512,512
562,3133412,8,dataset/8/3133412.jpg,512,512
563,3133448,8,dataset/8/3133448.jpg,512,512
564,3133427,8,dataset/8/3133427.jpg,512,512
565,3133421,8,dataset/8/3133421.jpg,512,512
566,3133431,8,dataset/8/3133431.jpg,512,512
567,3133426,8,dataset/8/3133426.jpg,512,512
568,3133424,8,dataset/8/3133424.jpg,512,512
569,3133420,8,dataset/8/3133420.jpg,512,512
570,3133435,8,dataset/8/3133435.jpg,512,512
571,3133443,8,dataset/8/3133443.jpg,512,512
572,3133450,8,dataset/8/3133450.jpg,512,512
573,3133439,8,dataset/8/3133439.jpg,512,512
574,3133413,8,dataset/8/3133413.jpg,512,512
575,3133415,8,dataset/8/3133415.jpg,512,512
576,3133436,8,dataset/8/3133436.jpg,512,512
577,3133409,8,dataset/8/3133409.jpg,512,512
578,3133451,8,dataset/8/3133451.jpg,512,512
579,3133418,8,dataset/8/3133418.jpg,512,512
580,3133445,8,dataset/8/3133445.jpg,512,512
581,3133440,8,dataset/8/3133440.jpg,512,512
582,3133434,8,dataset/8/3133434.jpg,512,512
583,3133408,8,dataset/8/3133408.jpg,512,512
584,3133447,8,dataset/8/3133447.jpg,512,512
585,3133428,8,dataset/8/3133428.jpg,512,512
586,3133437,8,dataset/8/3133437.jpg,512,512
587,3133414,8,dataset/8/3133414.jpg,512,512
588,3133429,8,dataset/8/3133429.jpg,512,512
589,3133411,8,dataset/8/3133411.jpg,512,512
590,3133709,16,dataset/16/3133709.jpg,512,512
591,3133728,16,dataset/16/3133728.jpg,512,512
592,3133708,16,dataset/16/3133708.jpg,512,512
593,3133725,16,dataset/16/3133725.jpg,512,512
594,3133705,16,dataset/16/3133705.jpg,512,512
595,3133714,16,dataset/16/3133714.jpg,512,512
596,3133703,16,dataset/16/3133703.jpg,512,512
597,3133713,16,dataset/16/3133713.jpg,512,512
598,3133712,16,dataset/16/3133712.jpg,512,512
599,3133710,16,dataset/16/3133710.jpg,512,512
600,3133736,16,dataset/16/3133736.jpg,512,512
601,3133704,16,dataset/16/3133704.jpg,512,512
602,3133735,16,dataset/16/3133735.jpg,512,512
603,3133707,16,dataset/16/3133707.jpg,512,512
604,3133724,16,dataset/16/3133724.jpg,512,512
605,3133715,16,dataset/16/3133715.jpg,512,512
606,3133727,16,dataset/16/3133727.jpg,512,512
607,3133722,16,dataset/16/3133722.jpg,512,512
608,3133723,16,dataset/16/3133723.jpg,512,512
609,3133719,16,dataset/16/3133719.jpg,512,512
610,3133711,16,dataset/16/3133711.jpg,512,512
611,3133718,16,dataset/16/3133718.jpg,512,512
612,3133731,16,dataset/16/3133731.jpg,512,512
613,3133717,16,dataset/16/3133717.jpg,512,512
614,3133729,16,dataset/16/3133729.jpg,512,512
615,3133716,16,dataset/16/3133716.jpg,512,512
616,3133733,16,dataset/16/3133733.jpg,512,512
617,3133720,16,dataset/16/3133720.jpg,512,512
618,3133730,16,dataset/16/3133730.jpg,512,512
619,3133734,16,dataset/16/3133734.jpg,512,512
620,3133706,16,dataset/16/3133706.jpg,512,512
621,3133732,16,dataset/16/3133732.jpg,512,512
622,3133737,16,dataset/16/3133737.jpg,512,512
623,3133721,16,dataset/16/3133721.jpg,512,512
624,3133726,16,dataset/16/3133726.jpg,512,512
625,3133306,5,dataset/5/3133306.jpg,512,512
626,3133337,5,dataset/5/3133337.jpg,512,512
627,3133324,5,dataset/5/3133324.jpg,512,512
628,3133321,5,dataset/5/3133321.jpg,512,512
629,3133340,5,dataset/5/3133340.jpg,512,512
630,3133319,5,dataset/5/3133319.jpg,512,512
631,3133314,5,dataset/5/3133314.jpg,512,512
632,3133313,5,dataset/5/3133313.jpg,512,512
633,3133309,5,dataset/5/3133309.jpg,512,512
634,3133323,5,dataset/5/3133323.jpg,512,512
635,3133295,5,dataset/5/3133295.jpg,512,512
636,3133336,5,dataset/5/3133336.jpg,512,512
637,3133330,5,dataset/5/3133330.jpg,512,512
638,3133310,5,dataset/5/3133310.jpg,512,512
639,3133334,5,dataset/5/3133334.jpg,512,512
640,3133327,5,dataset/5/3133327.jpg,512,512
641,3133325,5,dataset/5/3133325.jpg,512,512
642,3133329,5,dataset/5/3133329.jpg,512,512
643,3133316,5,dataset/5/3133316.jpg,512,512
644,3133301,5,dataset/5/3133301.jpg,512,512
645,3133318,5,dataset/5/3133318.jpg,512,512
646,3133298,5,dataset/5/3133298.jpg,512,512
647,3133326,5,dataset/5/3133326.jpg,512,512
648,3133297,5,dataset/5/3133297.jpg,512,512
649,3133332,5,dataset/5/3133332.jpg,512,512
650,3133302,5,dataset/5/3133302.jpg,512,512
651,3133299,5,dataset/5/3133299.jpg,512,512
652,3133331,5,dataset/5/3133331.jpg,512,512
653,3133303,5,dataset/5/3133303.jpg,512,512
654,3133333,5,dataset/5/3133333.jpg,512,512
655,3133311,5,dataset/5/3133311.jpg,512,512
656,3133339,5,dataset/5/3133339.jpg,512,512
657,3133305,5,dataset/5/3133305.jpg,512,512
658,3133317,5,dataset/5/3133317.jpg,512,512
659,3133307,5,dataset/5/3133307.jpg,512,512
660,3133335,5,dataset/5/3133335.jpg,512,512
661,3133300,5,dataset/5/3133300.jpg,512,512
662,3133320,5,dataset/5/3133320.jpg,512,512
663,3133322,5,dataset/5/3133322.jpg,512,512
664,3133341,5,dataset/5/3133341.jpg,512,512
665,3133308,5,dataset/5/3133308.jpg,512,512
666,3133338,5,dataset/5/3133338.jpg,512,512
667,3133328,5,dataset/5/3133328.jpg,512,512
668,3133315,5,dataset/5/3133315.jpg,512,512
669,3133312,5,dataset/5/3133312.jpg,512,512
670,3133344,5,dataset/5/3133344.jpg,512,512
671,3133304,5,dataset/5/3133304.jpg,512,512
672,3133296,5,dataset/5/3133296.jpg,512,512
673,3133342,5,dataset/5/3133342.jpg,512,512
674,3133343,5,dataset/5/3133343.jpg,512,512
